{"nodes":{"node:5":{"location":{"x":507,"y":131}}},"selection":null,"view":{"scroll":{"x":-159.367477416992188,"y":-141.965118408203125},"visible_rect":{"max":{"x":1006.90625,"y":635.22802734375},"min":{"x":-127.494003295898438,"y":-113.572113037109375}},"zoom":1.2499997615814209}}