{"nodes":{"node:11":{"location":{"x":-188,"y":147}},"node:13":{"location":{"x":245,"y":211}},"node:24":{"location":{"x":796,"y":226}}},"selection":null,"view":{"scroll":{"x":-277.20050048828125,"y":2.7837677001953125},"visible_rect":{"max":{"x":1514.3994140625,"y":1279.711669921875},"min":{"x":-369.600677490234375,"y":3.71169042587280273}},"zoom":0.75}}