{"nodes":{"node:1":{"location":{"x":-1073,"y":347}}},"selection":null,"view":{"scroll":{"x":-1571.3035888671875,"y":139.814285278320312},"visible_rect":{"max":{"x":-126.64288330078125,"y":877.4515380859375},"min":{"x":-1257.04296875,"y":111.8514404296875}},"zoom":1.24999988079071045}}