{"nodes":{"node:3":{"location":{"x":-8,"y":56}}},"selection":null,"view":{"scroll":{"x":-399.000091552734375,"y":-169.9976806640625},"visible_rect":{"max":{"x":703.20001220703125,"y":512.001953125},"min":{"x":-319.20013427734375,"y":-135.9981689453125}},"zoom":1.2499997615814209}}