{"nodes":{"node:1":{"location":{"x":-124,"y":153}},"node:10":{"location":{"x":220,"y":192}},"node:22":{"location":{"x":1238,"y":50}},"node:3":{"location":{"x":550,"y":-96}},"node:33":{"location":{"x":1171,"y":751}}},"selection":null,"view":{"scroll":{"x":-284.35302734375,"y":-228.64300537109375},"visible_rect":{"max":{"x":2257.2939453125,"y":1456.7139892578125},"min":{"x":-568.7060546875,"y":-457.2860107421875}},"zoom":0.5}}