{"nodes":{"node:1":{"location":{"x":-245,"y":427}},"node:3":{"location":{"x":17,"y":434}},"node:8":{"location":{"x":102,"y":690}}},"selection":null,"view":{"scroll":{"x":-427.970306396484375,"y":211.520904541015625},"visible_rect":{"max":{"x":985.0296630859375,"y":1168.5208740234375},"min":{"x":-427.970306396484375,"y":211.520904541015625}},"zoom":1}}