{"nodes":{"node:1":{"location":{"x":152,"y":142}},"node:5":{"location":{"x":505,"y":239}}},"selection":null,"view":{"scroll":{"x":-172.367462158203125,"y":-142.965133666992188},"visible_rect":{"max":{"x":996.5062255859375,"y":634.427978515625},"min":{"x":-137.893997192382812,"y":-114.372123718261719}},"zoom":1.2499997615814209}}