{"nodes":{"node:1":{"location":{"x":-481,"y":392}},"node:3":{"location":{"x":-42,"y":482}}},"selection":null,"view":{"scroll":{"x":-603.743408203125,"y":463.5325927734375},"visible_rect":{"max":{"x":539.50439453125,"y":947.021728515625},"min":{"x":-402.49560546875,"y":309.021728515625}},"zoom":1.5}}