{"nodes":{"node:1":{"location":{"x":125,"y":150}},"node:8":{"location":{"x":-41,"y":80}}},"selection":null,"view":{"scroll":{"x":-159.367477416992188,"y":-141.96514892578125},"visible_rect":{"max":{"x":1006.90625,"y":635.22796630859375},"min":{"x":-127.494003295898438,"y":-113.572135925292969}},"zoom":1.2499997615814209}}