{"nodes":{"node:1":{"location":{"x":636,"y":256}},"node:11":{"location":{"x":245,"y":410}}},"selection":null,"view":{"scroll":{"x":-500.466949462890625,"y":-194.010818481445312},"visible_rect":{"max":{"x":1825.066162109375,"y":1525.9783935546875},"min":{"x":-1000.93389892578125,"y":-388.021636962890625}},"zoom":0.5}}