{"nodes":{"node:1":{"location":{"x":-876,"y":243}},"node:25":{"location":{"x":88,"y":354}},"node:3":{"location":{"x":-490,"y":224}},"node:32":{"location":{"x":-90,"y":688}},"node:40":{"location":{"x":430,"y":784}}},"selection":["link:39"],"view":{"scroll":{"x":-679.13262939453125,"y":59.1814956665039062},"visible_rect":{"max":{"x":978.4898681640625,"y":1354.90869140625},"min":{"x":-905.51019287109375,"y":78.908660888671875}},"zoom":0.75}}